https://agorarn.com.br/;https://www.facebook.com/sharer.php?u=https://agorarn.com.br/policia/seap-repudia-fake-news-sobre-coronavirus-no-sistema-penal-do-rn
https://agorarn.com.br/;https://www.facebook.com/sharer.php?u=https://agorarn.com.br/zapping/apos-teste-luisa-mell-confirma-que-esta-com-o-novo-coronavirus
https://agorarn.com.br/;https://agorarn.com.br/zapping/por-causa-do-coronavirus-anitta-se-isola-em-casa-com-os-amigos
https://agorarn.com.br/;https://agorarn.com.br/cidades/governadora-nega-que-estado-realize-testes-de-coronavirus-em-casa
https://agorarn.com.br/;https://www.facebook.com/sharer.php?u=https://agorarn.com.br/esportes/abc-demite-30-funcionarios-em-virtude-da-crise-do-coronavirus
https://agorarn.com.br/;https://agorarn.com.br/esportes/abc-demite-30-funcionarios-em-virtude-da-crise-do-coronavirus
https://agorarn.com.br/;https://twitter.com/intent/tweet?url=https://agorarn.com.br/mundo/eua-chegam-a-acordo-de-us-2-trilhoes-para-aliviar-impactos-do-coronavirus-na-economia/&text=EUA chegam a acordo de US$ 2 trilhões para aliviar impactos do coronavírus na economia&via=agora_rn
https://agorarn.com.br/;https://twitter.com/intent/tweet?url=https://agorarn.com.br/politica/vereador-ney-lopes-jr-recebe-resultado-negativo-para-coronavirus/&text=Vereador Ney Lopes Jr. recebe resultado negativo para coronavírus&via=agora_rn
https://agorarn.com.br/;https://agorarn.com.br/cidades/coronavirus-saiba-como-se-proteger-longe-de-casa
https://agorarn.com.br/;https://agorarn.com.br/economia/como-sera-o-mercado-financeiro-pos-coronavirus
https://agorarn.com.br/;https://agorarn.com.br/mundo/coronavirus-chega-a-realeza-britanica-principe-charles-testa-positivo
https://agorarn.com.br/;https://www.facebook.com/sharer.php?u=https://agorarn.com.br/zapping/por-causa-do-coronavirus-anitta-se-isola-em-casa-com-os-amigos
https://agorarn.com.br/;https://agorarn.com.br/mundo/eua-chegam-a-acordo-de-us-2-trilhoes-para-aliviar-impactos-do-coronavirus-na-economia
https://agorarn.com.br/;https://agorarn.com.br/nacionais/para-governadores-bolsonaro-esta-fora-da-realidade-sobre-coronavirus
https://agorarn.com.br/;https://agorarn.com.br/cidades/acao-coletiva-pede-restabelecimento-de-energia-eletrica-durante-pandemia-da-covid-19
https://agorarn.com.br/;https://twitter.com/intent/tweet?url=https://agorarn.com.br/nacionais/para-governadores-bolsonaro-esta-fora-da-realidade-sobre-coronavirus/&text=Para governadores, Bolsonaro está fora da realidade sobre coronavírus&via=agora_rn
https://agorarn.com.br/;https://twitter.com/intent/tweet?url=https://agorarn.com.br/zapping/sbt-suspende-gravacoes-de-novelas-e-programas-por-prevencao-ao-coronavirus/&text=SBT suspende gravações de novelas e programas por prevenção ao coronavírus&via=agora_rn
https://agorarn.com.br/;https://www.facebook.com/sharer.php?u=https://agorarn.com.br/economia/como-sera-o-mercado-financeiro-pos-coronavirus
https://agorarn.com.br/;https://www.facebook.com/sharer.php?u=https://agorarn.com.br/edicao_jornal/semsur-estuda-verticalizar-cemiterio-para-comportar-demanda-da-covid-19
https://agorarn.com.br/;https://twitter.com/intent/tweet?url=https://agorarn.com.br/policia/em-natal-bandidos-fingem-combater-coronavirus-pm-alerta-para-golpe/&text=Em Natal, bandidos fingem combater coronavírus para praticar assaltos&via=agora_rn
https://agorarn.com.br/;https://twitter.com/intent/tweet?url=https://agorarn.com.br/zapping/xand-aviao-e-esposa-testam-positivo-para-coronavirus/&text=Xand Avião e esposa testam positivo para coronavírus&via=agora_rn
https://agorarn.com.br/;https://twitter.com/intent/tweet?url=https://agorarn.com.br/zapping/por-causa-do-coronavirus-anitta-se-isola-em-casa-com-os-amigos/&text=Por causa do coronavírus, Anitta se isola em casa com os amigos&via=agora_rn
https://agorarn.com.br/;https://twitter.com/intent/tweet?url=https://agorarn.com.br/policia/seap-repudia-fake-news-sobre-coronavirus-no-sistema-penal-do-rn/&text=Seap repudia fake news sobre coronavírus no sistema penal do RN&via=agora_rn
https://agorarn.com.br/;https://twitter.com/intent/tweet?url=https://agorarn.com.br/edicao_jornal/rn-tem-478-casos-suspeitos-de-coronavirus-em-64-municipios/&text=RN tem 478 casos suspeitos de coronavírus em 64 municípios&via=agora_rn
https://agorarn.com.br/;https://twitter.com/intent/tweet?url=https://agorarn.com.br/cidades/governo-do-rn-ja-publicou-11-decretos-de-combate-ao-coronavirus-confira-o-que-eles-dizem/&text=Governo do RN já publicou 11 decretos de combate à Covid-19; CONFIRA o que eles dizem&via=agora_rn
https://agorarn.com.br/;https://twitter.com/intent/tweet?url=https://agorarn.com.br/cidades/acao-coletiva-pede-restabelecimento-de-energia-eletrica-durante-pandemia-da-covid-19/&text=Ação coletiva pede restabelecimento de energia elétrica durante pandemia da Covid-19&via=agora_rn
https://agorarn.com.br/;https://www.facebook.com/sharer.php?u=https://agorarn.com.br/edicao_jornal/rn-tem-478-casos-suspeitos-de-coronavirus-em-64-municipios
https://agorarn.com.br/;https://twitter.com/intent/tweet?url=https://agorarn.com.br/cultura/pandemia-de-coronavirus-adia-e-cancela-eventos-culturais-no-rn/&text=Pandemia de coronavírus adia e cancela eventos culturais no RN&via=agora_rn
https://agorarn.com.br/;https://twitter.com/intent/tweet?url=https://agorarn.com.br/zapping/apos-teste-luisa-mell-confirma-que-esta-com-o-novo-coronavirus/&text=Após teste, Luisa Mell confirma que está com o novo coronavírus&via=agora_rn
https://agorarn.com.br/;https://agorarn.com.br/zapping/xand-aviao-e-esposa-testam-positivo-para-coronavirus
https://agorarn.com.br/;https://agorarn.com.br/cidades/viacao-nordeste-suspende-viagens-como-medida-de-prevencao-ao-coronavirus
https://agorarn.com.br/;https://agorarn.com.br/politica/vereador-ney-lopes-jr-recebe-resultado-negativo-para-coronavirus
https://agorarn.com.br/;https://www.facebook.com/sharer.php?u=https://agorarn.com.br/zapping/xand-aviao-e-esposa-testam-positivo-para-coronavirus
https://agorarn.com.br/;https://agorarn.com.br/nacionais/coronavirus-quando-considerar-um-caso-suspeito
https://agorarn.com.br/;https://twitter.com/intent/tweet?url=https://agorarn.com.br/mundo/espanha-chega-a-3-434-mortes-por-coronavirus-ultrapassando-a-china/&text=Espanha chega a 3.434 mortes por coronavírus, ultrapassando a China&via=agora_rn
https://agorarn.com.br/;https://www.facebook.com/sharer.php?u=https://agorarn.com.br/zapping/sbt-suspende-gravacoes-de-novelas-e-programas-por-prevencao-ao-coronavirus
https://agorarn.com.br/;https://www.facebook.com/sharer.php?u=https://agorarn.com.br/politica/vereador-ney-lopes-jr-recebe-resultado-negativo-para-coronavirus
https://agorarn.com.br/;https://agorarn.com.br/policia/em-natal-bandidos-fingem-combater-coronavirus-pm-alerta-para-golpe
https://agorarn.com.br/;https://agorarn.com.br/cidades/governo-do-rn-ja-publicou-11-decretos-de-combate-ao-coronavirus-confira-o-que-eles-dizem
https://agorarn.com.br/;https://agorarn.com.br/cultura/pandemia-de-coronavirus-adia-e-cancela-eventos-culturais-no-rn
https://agorarn.com.br/;https://www.facebook.com/sharer.php?u=https://agorarn.com.br/mundo/coronavirus-chega-a-realeza-britanica-principe-charles-testa-positivo
https://agorarn.com.br/;https://twitter.com/intent/tweet?url=https://agorarn.com.br/edicao_jornal/semsur-estuda-verticalizar-cemiterio-para-comportar-demanda-da-covid-19/&text=Semsur estuda verticalizar cemitério para comportar demanda da covid-19&via=agora_rn
https://agorarn.com.br/;https://agorarn.com.br/edicao_jornal/semsur-estuda-verticalizar-cemiterio-para-comportar-demanda-da-covid-19
https://agorarn.com.br/;https://www.facebook.com/sharer.php?u=https://agorarn.com.br/cidades/governo-do-rn-ja-publicou-11-decretos-de-combate-ao-coronavirus-confira-o-que-eles-dizem
https://agorarn.com.br/;https://www.facebook.com/sharer.php?u=https://agorarn.com.br/nacionais/para-governadores-bolsonaro-esta-fora-da-realidade-sobre-coronavirus
https://agorarn.com.br/;https://twitter.com/intent/tweet?url=https://agorarn.com.br/cidades/viacao-nordeste-suspende-viagens-como-medida-de-prevencao-ao-coronavirus/&text=Viação Nordeste suspende viagens como medida de prevenção ao coronavírus&via=agora_rn
https://agorarn.com.br/;https://agorarn.com.br/zapping/sbt-suspende-gravacoes-de-novelas-e-programas-por-prevencao-ao-coronavirus
https://agorarn.com.br/;https://twitter.com/intent/tweet?url=https://agorarn.com.br/economia/como-sera-o-mercado-financeiro-pos-coronavirus/&text=Como será o mercado financeiro pós-covid-19?&via=agora_rn
https://agorarn.com.br/;https://twitter.com/intent/tweet?url=https://agorarn.com.br/cidades/prefeitura-do-natal-estuda-verticalizar-cemiterio-para-comportar-demanda-gerada-pela-covid-19/&text=Prefeitura do Natal estuda verticalizar cemitério para comportar demanda gerada pela covid-19&via=agora_rn
https://agorarn.com.br/;https://www.facebook.com/sharer.php?u=https://agorarn.com.br/cidades/viacao-nordeste-suspende-viagens-como-medida-de-prevencao-ao-coronavirus
https://agorarn.com.br/;https://www.facebook.com/sharer.php?u=https://agorarn.com.br/mundo/espanha-chega-a-3-434-mortes-por-coronavirus-ultrapassando-a-china
https://agorarn.com.br/;https://agorarn.com.br/zapping/apos-teste-luisa-mell-confirma-que-esta-com-o-novo-coronavirus
https://agorarn.com.br/;https://twitter.com/intent/tweet?url=https://agorarn.com.br/esportes/abc-demite-30-funcionarios-em-virtude-da-crise-do-coronavirus/&text=ABC demite 30 funcionários em virtude da crise do coronavírus&via=agora_rn
https://agorarn.com.br/;https://www.facebook.com/sharer.php?u=https://agorarn.com.br/cultura/pandemia-de-coronavirus-adia-e-cancela-eventos-culturais-no-rn
https://agorarn.com.br/;https://www.facebook.com/sharer.php?u=https://agorarn.com.br/cidades/acao-coletiva-pede-restabelecimento-de-energia-eletrica-durante-pandemia-da-covid-19
https://agorarn.com.br/;https://www.facebook.com/sharer.php?u=https://agorarn.com.br/cidades/prefeitura-do-natal-estuda-verticalizar-cemiterio-para-comportar-demanda-gerada-pela-covid-19
https://agorarn.com.br/;https://agorarn.com.br/policia/seap-repudia-fake-news-sobre-coronavirus-no-sistema-penal-do-rn
https://agorarn.com.br/;https://agorarn.com.br/cidades/prefeitura-do-natal-estuda-verticalizar-cemiterio-para-comportar-demanda-gerada-pela-covid-19
https://agorarn.com.br/;https://agorarn.com.br/chamada/rn-tem-478-casos-suspeitos-de-coronavirus-em-66-municipios
https://agorarn.com.br/;https://twitter.com/intent/tweet?url=https://agorarn.com.br/mundo/coronavirus-chega-a-realeza-britanica-principe-charles-testa-positivo/&text=Coronavírus chega à realeza britânica: príncipe Charles testa positivo&via=agora_rn
https://agorarn.com.br/;https://agorarn.com.br/mundo/oms-diz-que-eua-caminham-para-ser-epicentro-da-pandemia-de-coronavirus
https://agorarn.com.br/;https://agorarn.com.br/edicao_jornal/rn-tem-478-casos-suspeitos-de-coronavirus-em-64-municipios
https://agorarn.com.br/;https://www.facebook.com/sharer.php?u=https://agorarn.com.br/policia/em-natal-bandidos-fingem-combater-coronavirus-pm-alerta-para-golpe
https://agorarn.com.br/;https://agorarn.com.br/mundo/espanha-chega-a-3-434-mortes-por-coronavirus-ultrapassando-a-china
https://agorarn.com.br/;https://www.facebook.com/sharer.php?u=https://agorarn.com.br/mundo/eua-chegam-a-acordo-de-us-2-trilhoes-para-aliviar-impactos-do-coronavirus-na-economia
http://www.tribunadonorte.com.br/;http://www.tribunadonorte.com.br/noticia/covid-19-governo-do-estado-proa-be-que-rede-privada-negue-atendimento/475672
http://www.tribunadenoticias.com.br/;http://www.tribunadenoticias.com.br/2020/03/deputado-do-rn-diagnosticado-com-covid.html
http://www.tribunadenoticias.com.br/;http://www.tribunadenoticias.com.br/2020/03/rn-tem-mais-um-caso-confirmado-de-covid.html
http://www.tribunadenoticias.com.br/;http://www.tribunadenoticias.com.br/2020/03/coronavirus-rn-tem-rede-de-apoio.html
http://www.tribunadenoticias.com.br/;http://www.tribunadenoticias.com.br/2020/03/por-coronavirus-aneel-suspende-cortes.html
https://defato.com/;https://defato.com/brasil/87655/covid-19-brasil-tem-46-mortes-e-mais-de-2-mil-casos-confirmados
https://defato.com/;https://defato.com/mossoro/87647/municpio-tem-90-casos-suspeitos-de-coronavirus-aponta-novo-boletim
https://defato.com/;https://defato.com/esportes/87637/covid-19-uefa-adia-finais-da-liga-dos-campees-e-da-liga-europa
https://defato.com/;https://defato.com/videos/809/mdico-alerta-que-tibau-pode-ter-registrado-dois-casos-suspeitos-de-covid-19
https://www.diariopotiguar.com.br/;https://www.diariopotiguar.com.br/2020/03/coronavirus-periodo-de-isolamento-e.html
https://www.diariopotiguar.com.br/;https://www.diariopotiguar.com.br/2020/03/coronavirus-periodo-de-isolamento-e.html#more
https://www.diariopotiguar.com.br/;https://www.diariopotiguar.com.br/2020/03/coronavirus-domingao-do-faustao-ira-ao.html
https://www.potiguarnoticias.com.br/;https://www.potiguarnoticias.com.br/noticias/44779/sobe-para-14-numero-de-casos-confirmados-de-coronavirus-no-rn
https://www.potiguarnoticias.com.br/;https://www.potiguarnoticias.com.br/noticias/44806/consultora-da-dicas-para-empresas-amenizarem-perdas-em-meio-ao-coronavirus
https://www.potiguarnoticias.com.br/;https://www.potiguarnoticias.com.br/noticias/44817/covid-19-brasil-tem-46-mortes-e-mais-de-2-mil-casos-confirmados
https://www.potiguarnoticias.com.br/;https://www.potiguarnoticias.com.br/noticias/44703/camara-de-parnamirim-anuncia-medidas-de-prevencao-contra-coronavirus
https://www.potiguarnoticias.com.br/;https://www.potiguarnoticias.com.br/noticias/44819/coronavirus-rn-tem-rede-de-apoio-emocional-gratuito-para-potiguares
https://www.potiguarnoticias.com.br/;https://www.potiguarnoticias.com.br/noticias/44818/abin-teria-alertado-bolsonaro-sobre-mais-5-mil-mortes-por-coronavirus
https://www.potiguarnoticias.com.br/;https://www.potiguarnoticias.com.br/noticias/44816/fatima-bezerra-ja-assinou-11-decretos-para-combater-coronavirus-saiba-quais-sao
